<?xml version="1.0" encoding="UTF-8"?>
<!DOCTYPE mapper PUBLIC "-//mybatis.org//DTD Mapper 3.0//EN"
  "http://mybatis.org/dtd/mybatis-3-mapper.dtd">
<mapper namespace="com.mc.innuce.domain.search.dao.KeywordDAO">
	<!-- id: dao에서 메소드명 -->
	<!-- 검색 시 뉴스들 가져오기 -->

	<select id="getNewsListLimit" resultType="newsdto" parameterType="java.util.Map">
		select news.* from keyword_news join news using(news_key)
		where
		<foreach collection="keyword_key" item="key" separator=" or ">
			keyword_key = #{key }
		</foreach>
		order by news_writendate desc limit #{num1},#{num2}
	</select>

	<!-- seo start -->
	<select id="getNewsListLimitOptionPeriod" resultType="newsdto" parameterType="java.util.Map">
		select news.* from keyword_news join news using(news_key)
		where
		<foreach collection="keyword_key" item="key" separator=" or ">
			keyword_key = #{key }
		</foreach>
		and news_writendate between #{ds} and #{de}
		order by news_writendate desc limit #{num1},#{num2};
	</select>
	
	<select id="getNewsListLimitOptionPress" resultType="newsdto" parameterType="java.util.Map">
		select news.* from keyword_news join news using(news_key)
		where
		<foreach collection="keyword_key" item="key" separator=" or ">
			keyword_key = #{key }
		</foreach>
		and (
		<foreach collection="pressKeyList" item="press_key" separator=" or ">
			press_key = #{press_key}
		</foreach>
		)
		order by news_writendate desc limit #{num1},#{num2}
	</select>
	
	<select id="getNewsListLimitOptionPressPeriod" resultType="newsdto" parameterType="java.util.Map">
		select news.* from keyword_news join news using(news_key)
		where
		<foreach collection="keyword_key" item="key" separator=" or ">
			keyword_key = #{key }
		</foreach>
		and (
		<foreach collection="pressKeyList" item="press_key" separator=" or ">
			press_key = #{press_key}
		</foreach>
		) and news_writendate between #{ds} and #{de}
		order by news_writendate desc limit #{num1},#{num2}
	</select>
	<!-- seo end -->
	
	<!-- 검색 시 뉴스 개수 -->
	<select id="getTotalNews" resultType="int">
		select count(*) from keyword_news
		where keyword_key = #{keyword_key}
	</select>

	<select id="getNewsKeys" resultType="Long" parameterType="String">
		select news_key from news
		where news_title like concat('%',#{keyword },'%')
		<!-- limit 250 -->
	</select>
	
	<!-- seo start -->
	<select id="optionPeriodSearch" parameterType="java.util.Map">
		select count(*) from keyword_news
		join news using(news_key) 
		where 1 = 1
		and keyword_key = #{keywordKey}
		and news_writendate between #{ds} and #{de};
	</select>
	
	<select id="optionPressSearch" parameterType="java.util.Map">
		select count(*) from keyword_news
		join news using(news_key)
		where 1 = 1
		and keyword_key = #{keywordKey}
		and (
		<foreach collection="pressKeyList" item="press_key" separator=" or ">
			press_key = #{press_key}
		</foreach>
		);
	</select>	
	
	<select id="optionPeriodPressSearch" parameterType="java.util.Map">
		select count(*) from keyword_news
		join news using(news_key)
		where 1 = 1
		and keyword_key = #{keywordKey}
		and news_writendate between #{ds} and #{de}
		and (
		<foreach collection="pressKeyList" item="press_key" separator=" or ">
			press_key = #{press_key}
		</foreach>
		);
	</select>
	<!-- seo end -->

	<select id="getNewsKeys2" resultType="Long" parameterType="String">
		select news_key from news
		where news_content like concat('%',#{place },'%')
		<!-- limit 250 -->
	</select>


	<!-- wordCloud -->
	<select id="getCategoryContent" resultType="String" parameterType="String">
		select news_content from news where news_category=#{category } and
		news_writendate &gt;= date_add(now(), interval -1 day)
		order by news_writendate
	</select>

	<!-- crud -->

	<select id="oneKeyword" parameterType="String" resultType="keyworddto">
		select * from keyword where keyword_content=#{keyword}
	</select>

	<update id="updateKeyword" parameterType="String">
		update keyword
		set keyword_recent_time=now()
		where keyword_content=#{keyword}
	</update>

	<insert id="insertKeyword" parameterType="String">
		insert ignore into keyword(keyword_content,keyword_recent_time)
		values(#{keyword_content}, now());
	</insert>

	<insert id="insertKeywordNews" parameterType="keysdto">
		insert into keyword_news(keyword_key,news_key) values
		<foreach collection="newsKeyList" item="newsKeyList" separator=",">
			(#{keyword_key },#{newsKeyList })
		</foreach>
	</insert>

<!-- <delete id="deleteKeyword" parameterType="String">
	delete from keyword
</delete> -->


</mapper>