<?xml version="1.0" encoding="UTF-8"?>
<!DOCTYPE mapper PUBLIC "-//mybatis.org//DTD Mapper 3.0//EN"
  "http://mybatis.org/dtd/mybatis-3-mapper.dtd">

<mapper namespace="com.mc.innuce.domain.debate.dao.OpinionDAO">
	<insert id="insertOpinion" parameterType="opiniondto">
		insert into opinion(debate_user_key, opinion_contents, opinion_regdate, opinion_like)
		values (#{debate_user_key}, #{opinion_contents}, now(), 0)
	</insert>
	
	<select id="selectOneOpinion" parameterType="int" resultType="opiniondto">
		select *
		from opinion
		where opinion_key = #{opinion_key}
	</select>
	
	<select id="selectLastInsertId" resultType="int">
		select last_insert_id()
	</select>
	
	<select id="selectLastOpinion" parameterType="int" resultType="int">
		select ifnull(max(opinion_key), 0) as opinion_key
		from opinion
		where debate_user_key in (select debate_user_key
									from debate_user
									where debate_room_key = #{debate_room_key})
		order by opinion_regdate desc
		limit 0,1;
	</select>
	
	<select id="selectOnePreOpinionList" parameterType="int" resultType="opiniondto">
		select *
		from opinion
		where opinion_regdate &lt;= (select opinion_regdate
										from opinion
										where opinion_key = #{opinion_key})
			and
			debate_user_key in (select debate_user_key
								from debate_user
								where debate_room_key = (select debate_room_key
															from debate_user
															where debate_user_key = (select debate_user_key
																						from opinion
																						where opinion_key = #{opinion_key})))
		order by opinion_regdate desc
		limit 1,10;
	</select>
	
	<select id="selectPreOpinionList" parameterType="int" resultType="opiniondto">
		select *
		from opinion
		where opinion_regdate &lt;= (select opinion_regdate
										from opinion
										where opinion_key = #{opinion_key})
			and
			debate_user_key in (select debate_user_key
								from debate_user
								where debate_room_key = (select debate_room_key
															from debate_user
															where debate_user_key = (select debate_user_key
																						from opinion
																						where opinion_key = #{opinion_key})))
		order by opinion_regdate desc
		limit 0,10;
	</select>
</mapper>