<?xml version="1.0" encoding="UTF-8"?>
<!DOCTYPE mapper PUBLIC "-//mybatis.org//DTD Mapper 3.0//EN"
  "http://mybatis.org/dtd/mybatis-3-mapper.dtd">

<mapper namespace="com.mc.innuce.domain.news.dao.PressDAO">

	<!-- insert -->
	<insert id="insertListPress" parameterType="java.util.List">
		<foreach collection="list" item="p" separator="," open="insert into press values " close=";">
			(#{p.press_key}, #{p.press_name}, #{p.press_logo}, #{p.press_mainpage}, #{p.press_navermain})
		</foreach>
	</insert>
	
	<insert id="insertPress" parameterType="pressdto">
		insert into press values(#{press_key}, #{press_name}, #{press_logo}, #{press_mainpage}, #{press_navermain})
	</insert>
	
	<!-- select -->
	<select id="selectAllPress" resultType="pressdto">
		select * from press
	</select>
	
	<!-- update -->
	<update id="updatePress" parameterType="pressdto">
		update press 
		set press_name = #{press_name}, press_logo = #{press_logo},
			press_mainpage = #{press_mainpage}, press_navermain = #{press_navermain} 
		where press_key = #{press_key}
	</update>
	
	<update id="updateJooGanJoSun" parameterType="String">
		update press set press_name = "주간조선" where press_key = 53;
	</update>
</mapper>