<?xml version="1.0" encoding="UTF-8"?>
<!DOCTYPE configuration PUBLIC "-//mybatis.org//DTD Config 3.0//EN"
  "http://mybatis.org/dtd/mybatis-3-config.dtd">
  
<configuration>

	<typeAliases>

		<typeAlias type="com.mc.innuce.domain.news.dto.PressDTO" alias="pressdto"/>
		<typeAlias type="com.mc.innuce.domain.news.dto.NewsDTO" alias="newsdto"/>

		<typeAlias type="com.mc.innuce.domain.debate.dto.DebateRoomDTO" alias="debateroomdto"/>
		<typeAlias type="com.mc.innuce.domain.debate.dto.DebateUserDTO" alias="debateuserdto"/>
		<typeAlias type="com.mc.innuce.domain.debate.dto.OpinionDTO" alias="opiniondto"/>
		
		<!-- ji eun -->
		<typeAlias type="com.mc.innuce.domain.search.dto.KeywordDTO" alias="keyworddto"/>
		<typeAlias type="com.mc.innuce.domain.search.dto.SearchDTO" alias="searchdto"/>
		<typeAlias type="com.mc.innuce.domain.search.dto.KeywordNewsDTO" alias="keywordNewsdto"/>
		<typeAlias type="com.mc.innuce.domain.search.dto.KeysDTO" alias="keysdto"/>
		<typeAlias type="com.mc.innuce.domain.search.dto.KeysOfSearchDTO" alias="keysOfSearchdto"/>

		
		<typeAlias type="com.mc.innuce.domain.user.dto.UserDTO" alias="userdto"/>
		<typeAlias type="com.mc.innuce.domain.user.dto.ScrapDTO" alias="scrapdto"/>
	</typeAliases>
	
</configuration> 